##（EquipID+5000）&Quality,名字,装备ID,装备类型（1武器2衣服3副手4腿部5头部6饰品）,品质,穿戴等级,装备属性（buffid#值万分比）,前置装备ID,升级需要材料,锻造时间（秒）,锻造金币消耗,套装系列（1采集材料装备，2以后对应不同套装）,不可锻造（如果不可锻造填1）,获得领主经验
ID,Name,EquipID,Type,Quality,LevelLimit,Buff,PreEquip,Upgrade,Forging_Time,Coin_Cost,Equip_Series,Not_forgable,Exp
int,string,int,int,int,int,string,int,string,int,int,int,int,int
50011,武器1-白,1,1,1,1,144#25;141#25,0,10901#1;10801#1,454,556,1,0,100
50012,武器1-绿,1,1,2,1,144#50;141#50,50011,10902#1;10802#1,908,1112,1,0,200
50013,武器1-蓝,1,1,3,1,144#75;141#75,50012,10903#1;10803#1,1589,1946,1,0,300
50014,武器1-紫,1,1,4,1,144#100;141#100,50013,10904#1;10804#1,2384,2919,1,0,400
50015,武器1-金,1,1,5,1,144#150;141#150,50014,10905#1;10805#1,3219,3941,1,0,500
50021,武器2-白,2,1,1,9,179#30;141#50,0,10101#1;10801#1,454,4730,1,0,100
50022,武器2-绿,2,1,2,9,179#90;141#100,50021,10102#1;10802#1,908,360,1,0,200
50023,武器2-蓝,2,1,3,9,179#150;141#150,50022,10103#1;10803#1,1589,720,1,0,300
50024,武器2-紫,2,1,4,9,179#225;141#200,50023,10104#1;10804#1,2384,1260,1,0,400
50025,武器2-金,2,1,5,9,179#300;141#300,50024,10105#1;10805#1,3219,1890,1,0,500
50031,武器3-白,3,1,1,15,144#60;147#35;159#40,0,10901#1;11201#1;10301#1,454,2552,1,0,100
50032,武器3-绿,3,1,2,15,144#115;147#65;159#80,50031,10902#1;11202#1;10302#1,908,3063,1,0,200
50033,武器3-蓝,3,1,3,15,144#175;147#100;159#125,50032,10903#1;11203#1;10303#1,1589,1664,1,0,300
50034,武器3-紫,3,1,4,15,144#235;147#130;159#165,50033,10904#1;11204#1;10304#1,2384,3328,1,0,400
50035,武器3-金,3,1,5,15,144#350;147#200;159#250,50034,10905#1;11205#1;10305#1,3219,5824,1,0,500
50041,武器4-白,4,1,1,21,141#95;126#50,0,10801#1;10501#1,454,8736,1,0,100
50042,武器4-绿,4,1,2,21,141#180;126#100,50041,10802#1;10502#1,908,11794,1,0,200
50043,武器4-蓝,4,1,3,21,141#275;126#150,50042,10803#1;10503#1,1589,14153,1,0,300
50044,武器4-紫,4,1,4,21,141#365;126#200,50043,10804#1;10504#1,2384,556,1,0,400
50045,武器4-金,4,1,5,21,141#550;126#300,50044,10805#1;10505#1,3219,1112,1,0,500
50051,武器5-白,5,1,1,27,179#55;141#110;147#60,0,10101#1;10801#1;10301#1,454,1946,1,0,100
50052,武器5-绿,5,1,2,27,179#165;141#215;147#115,50051,10102#1;10802#1;10302#1,908,2919,1,0,200
50053,武器5-蓝,5,1,3,27,179#275;141#325;147#175,50052,10103#1;10803#1;10303#1,1589,3941,1,0,300
50054,武器5-紫,5,1,4,27,179#385;141#425;147#235,50053,10104#1;10804#1;10304#1,2384,4730,1,0,400
50055,武器5-金,5,1,5,27,179#550;141#650;147#350,50054,10105#1;10805#1;10305#1,3219,360,1,0,500
50061,武器6-白,6,1,1,31,144#135;147#70,0,10901#1;10301#1,454,720,1,0,100
50062,武器6-绿,6,1,2,31,144#265;147#130,50061,10902#1;10302#1,908,1260,1,0,200
50063,武器6-蓝,6,1,3,31,144#400;147#200,50062,10903#1;10303#1,1589,1890,1,0,300
50064,武器6-紫,6,1,4,31,144#525;147#265,50063,10904#1;10304#1,2384,2552,1,0,400
50065,武器6-金,6,1,5,31,144#800;147#400,50064,10905#1;10305#1,3219,3063,1,0,500
50071,武器7-白,7,1,1,31,141#135;147#50;126#60,0,10801#1;10301#1;11201#1,454,1664,1,0,100
50072,武器7-绿,7,1,2,31,141#265;147#100;126#115,50071,10802#1;10302#1;11202#1,908,3328,1,0,200
50073,武器7-蓝,7,1,3,31,141#400;147#150;126#175,50072,10803#1;10303#1;11203#1,1589,5824,1,0,300
50074,武器7-紫,7,1,4,31,141#525;147#200;126#230,50073,10804#1;10304#1;11204#1,2384,8736,1,0,400
50075,武器7-金,7,1,5,31,141#800;147#300;126#350,50074,10805#1;10305#1;11205#1,3219,11794,1,0,500
50081,武器8-白,8,1,1,35,144#155;141#155;159#110,0,10901#1;10801#1;11201#1,454,14153,1,0,100
50082,武器8-绿,8,1,2,35,144#300;141#300;159#215,50081,10902#1;10802#1;11202#1,908,556,1,0,200
50083,武器8-蓝,8,1,3,35,144#450;141#450;159#325,50082,10903#1;10803#1;11203#1,1589,1112,1,0,300
50084,武器8-紫,8,1,4,35,144#600;141#600;159#430,50083,10904#1;10804#1;11204#1,2384,1946,1,0,400
50085,武器8-金,8,1,5,35,144#900;141#900;159#650,50084,10905#1;10805#1;11205#1,3219,2919,1,0,500
50091,武器9-白,9,1,1,35,179#70;159#110;126#85,0,10101#1;11201#1;10501#1,454,3941,1,0,100
50092,武器9-绿,9,1,2,35,179#210;159#215;126#165,50091,10102#1;11202#1;10502#1,908,4730,1,0,200
50093,武器9-蓝,9,1,3,35,179#350;159#325;126#250,50092,10103#1;11203#1;10503#1,1589,360,1,0,300
50094,武器9-紫,9,1,4,35,179#490;159#430;126#330,50093,10104#1;11204#1;10504#1,2384,720,1,0,400
50095,武器9-金,9,1,5,35,179#700;159#650;126#500,50094,10105#1;11205#1;10505#1,3219,1260,1,0,500
50101,武器10-白,10,1,1,40,144#160;141#110;147#60,0,10901#1;10801#1;10301#1,454,1890,1,0,100
50102,武器10-绿,10,1,2,40,144#320;141#215;147#115,50101,10902#1;10802#1;10302#1,908,2552,1,0,200
50103,武器10-蓝,10,1,3,40,144#500;141#325;147#175,50102,10903#1;10803#1;10303#1,1589,3063,1,0,300
50104,武器10-紫,10,1,4,40,144#660;141#430;147#230,50103,10904#1;10804#1;10304#1,2384,1664,1,0,400
50105,武器10-金,10,1,5,40,144#1000;141#650;147#350,50104,10905#1;10805#1;10305#1,3219,3328,1,0,500
50111,武器11-白,11,1,1,40,144#160;147#85;126#85,0,10901#1;10301#1;10501#1,454,5824,1,0,100
50112,武器11-绿,11,1,2,40,144#320;147#165;126#165,50111,10902#1;10302#1;10502#1,908,8736,1,0,200
50113,武器11-蓝,11,1,3,40,144#500;147#250;126#250,50112,10903#1;10303#1;10503#1,1589,11794,1,0,300
50114,武器11-紫,11,1,4,40,144#660;147#330;126#330,50113,10904#1;10304#1;10504#1,2384,14153,1,0,400
50115,武器11-金,11,1,5,40,144#1000;147#500;126#500,50114,10905#1;10305#1;10505#1,3219,556,1,0,500
50121,武器12-白,12,1,1,40,141#160;147#85;126#85,0,10801#1;10301#1;10501#1,454,1112,1,0,100
50122,武器12-绿,12,1,2,40,141#320;147#165;126#165,50121,10802#1;10302#1;10502#1,908,1946,1,0,200
50123,武器12-蓝,12,1,3,40,141#500;147#250;126#250,50122,10803#1;10303#1;10503#1,1589,2919,1,0,300
50124,武器12-紫,12,1,4,40,141#660;147#330;126#330,50123,10804#1;10304#1;10504#1,2384,3941,1,0,400
50125,武器12-金,12,1,5,40,141#1000;147#500;126#500,50124,10805#1;10305#1;10505#1,3219,4730,1,0,500
50131,头部1-白,13,5,1,5,141#15;126#30,0,10801#1;10501#1,454,360,1,0,100
50132,头部1-绿,13,5,2,5,141#30;126#60,50131,10802#1;10502#1,908,720,1,0,200
50133,头部1-蓝,13,5,3,5,141#50;126#100,50132,10803#1;10503#1,1589,1260,1,0,300
50134,头部1-紫,13,5,4,5,141#70;126#135,50133,10804#1;10504#1,2384,1890,1,0,400
50135,头部1-金,13,5,5,5,141#100;126#200,50134,10805#1;10505#1,3219,2552,1,0,500
50141,头部2-白,14,5,1,11,168#130;136#120,0,10401#1;10601#1,454,3063,1,0,100
50142,头部2-绿,14,5,2,11,168#390;136#240,50141,10402#1;10602#1,908,1664,1,0,200
50143,头部2-蓝,14,5,3,11,168#650;136#360,50142,10403#1;10603#1,1589,3328,1,0,300
50144,头部2-紫,14,5,4,11,168#910;136#480,50143,10404#1;10604#1,2384,5824,1,0,400
50145,头部2-金,14,5,5,11,168#1300;136#600,50144,10405#1;10605#1,3219,8736,1,0,500
50151,头部3-白,15,5,1,17,141#40;157#75;125#95,0,10801#1;10201#1;11301#1,454,11794,1,0,100
50152,头部3-绿,15,5,2,17,141#80;157#150;125#180,50151,10802#1;10202#1;11302#1,908,14153,1,0,200
50153,头部3-蓝,15,5,3,17,141#125;157#225;125#275,50152,10803#1;10203#1;11303#1,1589,556,1,0,300
50154,头部3-紫,15,5,4,17,141#165;157#300;125#365,50153,10804#1;10204#1;11304#1,2384,1112,1,0,400
50155,头部3-金,15,5,5,17,141#250;157#450;125#550,50154,10805#1;10205#1;11305#1,3219,1946,1,0,500
50161,头部4-白,16,5,1,23,141#50;126#100,0,10801#1;10501#1,454,2919,1,0,100
50162,头部4-绿,16,5,2,23,141#100;126#200,50161,10802#1;10502#1,908,3941,1,0,200
50163,头部4-蓝,16,5,3,23,141#150;126#300,50162,10803#1;10503#1,1589,4730,1,0,300
50164,头部4-紫,16,5,4,23,141#200;126#400,50163,10804#1;10504#1,2384,360,1,0,400
50165,头部4-金,16,5,5,23,141#300;126#600,50164,10805#1;10505#1,3219,720,1,0,500
50171,头部5-白,17,5,1,29,136#290;125#155,0,10601#1;11301#1,454,1260,1,0,100
50172,头部5-绿,17,5,2,29,136#580;125#300,50171,10602#1;11302#1,908,1890,1,0,200
50173,头部5-蓝,17,5,3,29,136#870;125#450,50172,10603#1;11303#1,1589,2552,1,0,300
50174,头部5-紫,17,5,4,29,136#1150;125#600,50173,10604#1;11304#1,2384,3063,1,0,400
50175,头部5-金,17,5,5,29,136#1450;125#900,50174,10605#1;11305#1,3219,1664,1,0,500
50181,头部6-白,18,5,1,29,168#320;126#125;157#210,0,10401#1;10501#1;10201#1,454,3328,1,0,100
50182,头部6-绿,18,5,2,29,168#960;126#245;157#410,50181,10402#1;10502#1;10202#1,908,5824,1,0,200
50183,头部6-蓝,18,5,3,29,168#1600;126#375;157#625,50182,10403#1;10503#1;10203#1,1589,8736,1,0,300
50184,头部6-紫,18,5,4,29,168#2240;126#495;157#825,50183,10404#1;10504#1;10204#1,2384,11794,1,0,400
50185,头部6-金,18,5,5,29,168#3200;126#750;157#1250,50184,10405#1;10505#1;10205#1,3219,14153,1,0,500
50191,头部7-白,19,5,1,35,172#425;141#85;126#155,0,11101#1;10801#1;10501#1,454,556,1,0,100
50192,头部7-绿,19,5,2,35,172#850;141#165;126#300,50191,11102#1;10802#1;10502#1,908,1112,1,0,200
50193,头部7-蓝,19,5,3,35,172#1245;141#250;126#450,50192,11103#1;10803#1;10503#1,1589,1946,1,0,300
50194,头部7-紫,19,5,4,35,172#1645;141#330;126#600,50193,11104#1;10804#1;10504#1,2384,2919,1,0,400
50195,头部7-金,19,5,5,35,172#2650;141#500;126#900,50194,11105#1;10805#1;10505#1,3219,3941,1,0,500
50201,头部8-白,20,5,1,35,136#340;157#245;125#180,0,10601#1;10201#1;11301#1,454,4730,1,0,100
50202,头部8-绿,20,5,2,35,136#680;157#480;125#345,50201,10602#1;10202#1;11302#1,908,360,1,0,200
50203,头部8-蓝,20,5,3,35,136#1020;157#725;125#525,50202,10603#1;10203#1;11303#1,1589,720,1,0,300
50204,头部8-紫,20,5,4,35,136#1360;157#960;125#690,50203,10604#1;10204#1;11304#1,2384,1260,1,0,400
50205,头部8-金,20,5,5,35,136#1700;157#1450;125#1050,50204,10605#1;10205#1;11305#1,3219,1890,1,0,500
50211,头部9-白,21,5,1,40,141#85;126#160;157#180,0,10801#1;10501#1;10201#1,454,2552,1,0,100
50212,头部9-绿,21,5,2,40,141#165;126#320;157#345,50211,10802#1;10502#1;10202#1,908,3063,1,0,200
50213,头部9-蓝,21,5,3,40,141#250;126#500;157#525,50212,10803#1;10503#1;10203#1,1589,1664,1,0,300
50214,头部9-紫,21,5,4,40,141#330;126#660;157#990,50213,10804#1;10504#1;10204#1,2384,3328,1,0,400
50215,头部9-金,21,5,5,40,141#500;126#1000;157#1050,50214,10805#1;10505#1;10205#1,3219,5824,1,0,500
50221,头部10-白,22,5,1,40,126#160;157#270;125#195,0,10501#1;10201#1;11301#1,454,8736,1,0,100
50222,头部10-绿,22,5,2,40,126#320;157#530;125#380,50221,10502#1;10202#1;11302#1,908,11794,1,0,200
50223,头部10-蓝,22,5,3,40,126#500;157#800;125#575,50222,10503#1;10203#1;11303#1,1589,14153,1,0,300
50224,头部10-紫,22,5,4,40,126#660;157#1055;125#760,50223,10504#1;10204#1;11304#1,2384,556,1,0,400
50225,头部10-金,22,5,5,40,126#1000;157#1600;125#1150,50224,10505#1;10205#1;11305#1,3219,1112,1,0,500
50231,衣服1-白,23,2,1,7,179#15;158#15,0,10101#1;11001#1,454,1946,1,0,100
50232,衣服1-绿,23,2,2,7,179#45;158#35,50231,10102#1;11002#1,908,2919,1,0,200
50233,衣服1-蓝,23,2,3,7,179#75;158#50,50232,10103#1;11003#1,1589,3941,1,0,300
50234,衣服1-紫,23,2,4,7,179#105;158#65,50233,10104#1;11004#1,2384,4730,1,0,400
50235,衣服1-金,23,2,5,7,179#150;158#100,50234,10105#1;11005#1,3219,360,1,0,500
50241,衣服2-白,24,2,1,13,159#50;136#100,0,11201#1;10601#1,454,720,1,0,100
50242,衣服2-绿,24,2,2,13,159#100;136#200,50241,11202#1;10602#1,908,1260,1,0,200
50243,衣服2-蓝,24,2,3,13,159#150;136#300,50242,11203#1;10603#1,1589,1890,1,0,300
50244,衣服2-紫,24,2,4,13,159#200;136#400,50243,11204#1;10604#1,2384,2552,1,0,400
50245,衣服2-金,24,2,5,13,159#300;136#500,50244,11205#1;10605#1,3219,3063,1,0,500
50251,衣服3-白,25,2,1,19,159#66;158#44,0,11201#1;11001#1,454,1664,1,0,100
50252,衣服3-绿,25,2,2,19,159#125;158#85,50251,11202#1;11002#1,908,3328,1,0,200
50253,衣服3-蓝,25,2,3,19,159#195;158#135,50252,11203#1;11003#1,1589,5824,1,0,300
50254,衣服3-紫,25,2,4,19,159#255;158#175,50253,11204#1;11004#1,2384,8736,1,0,400
50255,衣服3-金,25,2,5,19,159#380;158#260,50254,11205#1;11005#1,3219,11794,1,0,500
50261,衣服4-白,26,2,1,25,178#55;159#85,0,10701#1;11201#1,454,14153,1,0,100
50262,衣服4-绿,26,2,2,25,178#165;159#165,50261,10702#1;11202#1,908,556,1,0,200
50263,衣服4-蓝,26,2,3,25,178#275;159#250,50262,10703#1;11203#1,1589,1112,1,0,300
50264,衣服4-紫,26,2,4,25,178#385;159#350,50263,10704#1;11204#1,2384,1946,1,0,400
50265,衣服4-金,26,2,5,25,178#550;159#500,50264,10705#1;11205#1,3219,2919,1,0,500
50271,衣服5-白,27,2,1,31,159#100;136#220;157#85,0,11201#1;10601#1;10201#1,454,3941,1,0,100
50272,衣服5-绿,27,2,2,31,159#200;136#440;157#165,50271,11202#1;10602#1;10202#1,908,4730,1,0,200
50273,衣服5-蓝,27,2,3,31,159#300;136#660;157#250,50272,11203#1;10603#1;10203#1,1589,360,1,0,300
50274,衣服5-紫,27,2,4,31,159#400;136#880;157#350,50273,11204#1;10604#1;10204#1,2384,720,1,0,400
50275,衣服5-金,27,2,5,31,159#600;136#1100;157#500,50274,11205#1;10605#1;10205#1,3219,1260,1,0,500
50281,衣服6-白,28,2,1,31,168#270;159#100;157#85,0,10401#1;11201#1;10201#1,454,1890,1,0,100
50282,衣服6-绿,28,2,2,31,168#800;159#200;157#165,50281,10402#1;11202#1;10202#1,908,2552,1,0,200
50283,衣服6-蓝,28,2,3,31,168#1350;159#300;157#250,50282,10403#1;11203#1;10203#1,1589,3063,1,0,300
50284,衣服6-紫,28,2,4,31,168#1850;159#400;157#350,50283,10404#1;11204#1;10204#1,2384,1664,1,0,400
50285,衣服6-金,28,2,5,31,168#2700;159#600;157#500,50284,10405#1;11205#1;10205#1,3219,3328,1,0,500
50291,衣服7-白,29,2,1,35,136#250;157#95,0,10601#1;10201#1,454,5824,1,0,100
50292,衣服7-绿,29,2,2,35,136#500;157#185,50291,10602#1;10202#1,908,8736,1,0,200
50293,衣服7-蓝,29,2,3,35,136#750;157#285,50292,10603#1;10203#1,1589,11794,1,0,300
50294,衣服7-紫,29,2,4,35,136#1000;157#375,50293,10604#1;10204#1,2384,14153,1,0,400
50295,衣服7-金,29,2,5,35,136#1250;157#570,50294,10605#1;10205#1,3219,556,1,0,500
50301,衣服8-白,30,2,1,35,178#70;168#310;159#120,0,10701#1;10401#1;11201#1,454,1112,1,0,100
50302,衣服8-绿,30,2,2,35,178#210;168#930;159#230,50301,10702#1;10402#1;11202#1,908,1946,1,0,200
50303,衣服8-蓝,30,2,3,35,178#350;168#1350;159#350,50302,10703#1;10403#1;11203#1,1589,2919,1,0,300
50304,衣服8-紫,30,2,4,35,178#490;168#2170;159#460,50303,10704#1;10404#1;11204#1,2384,3941,1,0,400
50305,衣服8-金,30,2,5,35,178#700;168#3100;159#700,50304,10705#1;10405#1;11205#1,3219,4730,1,0,500
50311,衣服9-白,31,2,1,40,179#50;159#125;157#105,0,10101#1;11201#1;10201#1,454,360,1,0,100
50312,衣服9-绿,31,2,2,40,179#155;159#245;157#205,50311,10102#1;11202#1;10202#1,908,720,1,0,200
50313,衣服9-蓝,31,2,3,40,179#260;159#375;157#315,50312,10103#1;11203#1;10203#1,1589,1260,1,0,300
50314,衣服9-紫,31,2,4,40,179#365;159#495;157#415,50313,10104#1;11204#1;10204#1,2384,1890,1,0,400
50315,衣服9-金,31,2,5,40,179#520;159#750;157#620,50314,10105#1;11205#1;10205#1,3219,2552,1,0,500
50321,衣服10-白,32,2,1,40,159#125;136#280;158#85,0,11201#1;10601#1;11001#1,454,3063,1,0,100
50322,衣服10-绿,32,2,2,40,159#250;136#560;158#165,50321,11202#1;10602#1;11002#1,908,1664,1,0,200
50323,衣服10-蓝,32,2,3,40,159#375;136#840;158#250,50322,11203#1;10603#1;11003#1,1589,3328,1,0,300
50324,衣服10-紫,32,2,4,40,159#495;136#1120;158#350,50323,11204#1;10604#1;11004#1,2384,5824,1,0,400
50325,衣服10-金,32,2,5,40,159#750;136#1400;158#500,50324,11205#1;10605#1;11005#1,3219,8736,1,0,500
50331,腿部1-白,33,4,1,3,179#10;147#15,0,10101#1;10301#1,454,11794,1,0,100
50332,腿部1-绿,33,4,2,3,179#30;147#30,50331,10102#1;10302#1,908,14153,1,0,200
50333,腿部1-蓝,33,4,3,3,179#50;147#50,50332,10103#1;10303#1,1589,556,1,0,300
50334,腿部1-紫,33,4,4,3,179#70;147#65,50333,10104#1;10304#1,2384,1112,1,0,400
50335,腿部1-金,33,4,5,3,179#100;147#100,50334,10105#1;10305#1,3219,1946,1,0,500
50341,腿部2-白,34,4,1,11,144#25;125#35,0,10901#1;11301#1,454,2919,1,0,100
50342,腿部2-绿,34,4,2,11,144#50;125#65,50341,10902#1;11302#1,908,3941,1,0,200
50343,腿部2-蓝,34,4,3,11,144#75;125#100,50342,10903#1;11303#1,1589,4730,1,0,300
50344,腿部2-紫,34,4,4,11,144#100;125#135,50343,10904#1;11304#1,2384,360,1,0,400
50345,腿部2-金,34,4,5,11,144#150;125#200,50344,10905#1;11305#1,3219,720,1,0,500
50351,腿部3-白,35,4,1,17,172#255;147#35;125#40,0,11101#1;10301#1;11301#1,454,1260,1,0,100
50352,腿部3-绿,35,4,2,17,172#500;147#65;125#80,50351,11102#1;10302#1;11302#1,908,1890,1,0,200
50353,腿部3-蓝,35,4,3,17,172#750;147#100;125#125,50352,11103#1;10303#1;11303#1,1589,2552,1,0,300
50354,腿部3-紫,35,4,4,17,172#1000;147#130;125#165,50353,11104#1;10304#1;11304#1,2384,3063,1,0,400
50355,腿部3-金,35,4,5,17,172#1600;147#200;125#250,50354,11105#1;10305#1;11305#1,3219,1664,1,0,500
50361,腿部4-白,36,4,1,23,147#40;157#100,0,10301#1;10201#1,454,3328,1,0,100
50362,腿部4-绿,36,4,2,23,147#80;157#200,50361,10302#1;10202#1,908,5824,1,0,200
50363,腿部4-蓝,36,4,3,23,147#125;157#300,50362,10303#1;10203#1,1589,8736,1,0,300
50364,腿部4-紫,36,4,4,23,147#165;157#400,50363,10304#1;10204#1,2384,11794,1,0,400
50365,腿部4-金,36,4,5,23,147#250;157#600,50364,10305#1;10205#1,3219,14153,1,0,500
50371,腿部5-白,37,4,1,29,144#60;147#60,0,10901#1;10301#1,454,556,1,0,100
50372,腿部5-绿,37,4,2,29,144#120;147#120,50371,10902#1;10302#1,908,1112,1,0,200
50373,腿部5-蓝,37,4,3,29,144#180;147#180,50372,10903#1;10303#1,1589,1946,1,0,300
50374,腿部5-紫,37,4,4,29,144#240;147#240,50373,10904#1;10304#1,2384,2919,1,0,400
50375,腿部5-金,37,4,5,29,144#350;147#350,50374,10905#1;10305#1,3219,3941,1,0,500
50381,腿部6-白,38,4,1,29,144#40;136#480;125#85,0,10901#1;10601#1;11301#1,454,4730,1,0,100
50382,腿部6-绿,38,4,2,29,144#80;136#960;125#165,50381,10902#1;10602#1;11302#1,908,360,1,0,200
50383,腿部6-蓝,38,4,3,29,144#125;136#1440;125#250,50382,10903#1;10603#1;11303#1,1589,720,1,0,300
50384,腿部6-紫,38,4,4,29,144#165;136#1920;125#330,50383,10904#1;10604#1;11304#1,2384,1260,1,0,400
50385,腿部6-金,38,4,5,29,144#250;136#2400;125#500,50384,10905#1;10605#1;11305#1,3219,1890,1,0,500
50391,腿部7-白,39,4,1,35,179#35;144#70;136#550,0,10101#1;10901#1;10601#1,454,2552,1,0,100
50392,腿部7-绿,39,4,2,35,179#100;144#130;136#1100,50391,10102#1;10902#1;10602#1,908,3063,1,0,200
50393,腿部7-蓝,39,4,3,35,179#175;144#200;136#1650,50392,10103#1;10903#1;10603#1,1589,1664,1,0,300
50394,腿部7-紫,39,4,4,35,179#250;144#265;136#2200,50393,10104#1;10904#1;10604#1,2384,3328,1,0,400
50395,腿部7-金,39,4,5,35,179#350;144#400;136#2750,50394,10105#1;10905#1;10605#1,3219,5824,1,0,500
50401,腿部8-白,40,4,1,35,144#40;147#70;125#95,0,10901#1;10301#1;11301#1,454,8736,1,0,100
50402,腿部8-绿,40,4,2,35,144#80;147#130;125#180,50401,10902#1;10302#1;11302#1,908,11794,1,0,200
50403,腿部8-蓝,40,4,3,35,144#125;147#200;125#275,50402,10903#1;10303#1;11303#1,1589,14153,1,0,300
50404,腿部8-紫,40,4,4,35,144#165;147#265;125#365,50403,10904#1;10304#1;11304#1,2384,556,1,0,400
50405,腿部8-金,40,4,5,35,144#250;147#400;125#550,50404,10905#1;10305#1;11305#1,3219,1112,1,0,500
50411,腿部9-白,41,4,1,40,144#75;147#75;157#160,0,10901#1;10301#1;10201#1,454,1946,1,0,100
50412,腿部9-绿,41,4,2,40,144#150;147#150;157#320,50411,10902#1;10302#1;10202#1,908,2919,1,0,200
50413,腿部9-蓝,41,4,3,40,144#225;147#225;157#500,50412,10903#1;10303#1;10203#1,1589,3941,1,0,300
50414,腿部9-紫,41,4,4,40,144#300;147#300;157#660,50413,10904#1;10304#1;10204#1,2384,4730,1,0,400
50415,腿部9-金,41,4,5,40,144#450;147#450;157#1000,50414,10905#1;10305#1;10205#1,3219,360,1,0,500
50421,腿部10-白,42,4,1,40,179#40;144#75;147#75,0,10101#1;10901#1;10301#1,454,720,1,0,100
50422,腿部10-绿,42,4,2,40,179#120;144#150;147#150,50421,10102#1;10902#1;10302#1,908,1260,1,0,200
50423,腿部10-蓝,42,4,3,40,179#200;144#225;147#225,50422,10103#1;10903#1;10303#1,1589,1890,1,0,300
50424,腿部10-紫,42,4,4,40,179#280;144#300;147#300,50423,10104#1;10904#1;10304#1,2384,2552,1,0,400
50425,腿部10-金,42,4,5,40,179#400;144#450;147#450,50424,10105#1;10905#1;10305#1,3219,3063,1,0,500
50431,副手1-白,43,3,1,7,144#25;159#60,0,10901#1;11201#1,454,1664,1,0,100
50432,副手1-绿,43,3,2,7,144#50;159#115,50431,10902#1;11202#1,908,3328,1,0,200
50433,副手1-蓝,43,3,3,7,144#75;159#175,50432,10903#1;11203#1,1589,5824,1,0,300
50434,副手1-紫,43,3,4,7,144#100;159#230,50433,10904#1;11204#1,2384,8736,1,0,400
50435,副手1-金,43,3,5,7,144#150;159#350,50434,10905#1;11205#1,3219,11794,1,0,500
50441,副手2-白,44,3,1,13,178#35;147#50,0,10701#1;10301#1,454,14153,1,0,100
50442,副手2-绿,44,3,2,13,178#65;147#100,50441,10702#1;10302#1,908,556,1,0,200
50443,副手2-蓝,44,3,3,13,178#100;147#150,50442,10703#1;10303#1,1589,1112,1,0,300
50444,副手2-紫,44,3,4,13,178#130;147#200,50443,10704#1;10304#1,2384,1946,1,0,400
50445,副手2-金,44,3,5,13,178#200;147#300,50444,10705#1;10305#1,3219,2919,1,0,500
50451,副手3-白,45,3,1,19,144#40;126#35;158#110,0,10901#1;10501#1;11001#1,454,3941,1,0,100
50452,副手3-绿,45,3,2,19,144#80;126#65;158#215,50451,10902#1;10502#1;11002#1,908,4730,1,0,200
50453,副手3-蓝,45,3,3,19,144#125;126#100;158#325,50452,10903#1;10503#1;11003#1,1589,360,1,0,300
50454,副手3-紫,45,3,4,19,144#165;126#130;158#430,50453,10904#1;10504#1;11004#1,2384,720,1,0,400
50455,副手3-金,45,3,5,19,144#250;126#200;158#650,50454,10905#1;10505#1;11005#1,3219,1260,1,0,500
50461,副手4-白,46,3,1,25,141#50;147#110,0,10801#1;10301#1,454,1890,1,0,100
50462,副手4-绿,46,3,2,25,141#100;147#215,50461,10802#1;10302#1,908,2552,1,0,200
50463,副手4-蓝,46,3,3,25,141#150;147#325,50462,10803#1;10303#1,1589,3063,1,0,300
50464,副手4-紫,46,3,4,25,141#200;147#430,50463,10804#1;10304#1,2384,1664,1,0,400
50465,副手4-金,46,3,5,25,141#300;147#650,50464,10805#1;10305#1,3219,3328,1,0,500
50471,副手5-白,47,3,1,31,126#60;158#160,0,10501#1;11001#1,454,5824,1,0,100
50472,副手5-绿,47,3,2,31,126#115;158#320,50471,10502#1;11002#1,908,8736,1,0,200
50473,副手5-蓝,47,3,3,31,126#175;158#500,50472,10503#1;11003#1,1589,11794,1,0,300
50474,副手5-紫,47,3,4,31,126#230;158#660,50473,10504#1;11004#1,2384,14153,1,0,400
50475,副手5-金,47,3,5,31,126#350;158#1000,50474,10505#1;11005#1,3219,556,1,0,500
50481,副手6-白,48,3,1,31,144#70;141#60;159#195,0,10901#1;10801#1;11201#1,454,1112,1,0,100
50482,副手6-绿,48,3,2,31,144#130;141#115;159#380,50481,10902#1;10802#1;11202#1,908,1946,1,0,200
50483,副手6-蓝,48,3,3,31,144#200;141#175;159#575,50482,10903#1;10803#1;11203#1,1589,2919,1,0,300
50484,副手6-紫,48,3,4,31,144#265;141#230;159#760,50483,10904#1;10804#1;11204#1,2384,3941,1,0,400
50485,副手6-金,48,3,5,31,144#400;141#350;159#1150,50484,10905#1;10805#1;11205#1,3219,4730,1,0,500
50491,副手7-白,49,3,1,35,147#155;159#240;158#195,0,10301#1;11201#1;11001#1,454,360,1,0,100
50492,副手7-绿,49,3,2,35,147#300;159#460;158#380,50491,10302#1;11202#1;11002#1,908,720,1,0,200
50493,副手7-蓝,49,3,3,35,147#450;159#700;158#575,50492,10303#1;11203#1;11003#1,1589,1260,1,0,300
50494,副手7-紫,49,3,4,35,147#600;159#925;158#760,50493,10304#1;11204#1;11004#1,2384,1890,1,0,400
50495,副手7-金,49,3,5,35,147#900;159#1400;158#1150,50494,10305#1;11205#1;11005#1,3219,2552,1,0,500
50501,副手8-白,50,3,1,35,144#85;147#100;159#240,0,10901#1;10301#1;11201#1,454,3063,1,0,100
50502,副手8-绿,50,3,2,35,144#165;147#200;159#460,50501,10902#1;10302#1;11202#1,908,1664,1,0,200
50503,副手8-蓝,50,3,3,35,144#250;147#300;159#700,50502,10903#1;10303#1;11203#1,1589,3328,1,0,300
50504,副手8-紫,50,3,4,35,144#330;147#400;159#925,50503,10904#1;10304#1;11204#1,2384,5824,1,0,400
50505,副手8-金,50,3,5,35,144#500;147#600;159#1400,50504,10905#1;10305#1;11205#1,3219,8736,1,0,500
50511,副手9-白,51,3,1,40,178#50;126#75;158#220,0,10701#1;10501#1;11001#1,454,11794,1,0,100
50512,副手9-绿,51,3,2,40,178#150;126#150;158#430,50511,10702#1;10502#1;11002#1,908,14153,1,0,200
50513,副手9-蓝,51,3,3,40,178#250;126#225;158#650,50512,10703#1;10503#1;11003#1,1589,556,1,0,300
50514,副手9-紫,51,3,4,40,178#350;126#300;158#860,50513,10704#1;10504#1;11004#1,2384,1112,1,0,400
50515,副手9-金,51,3,5,40,178#500;126#450;158#1300,50514,10705#1;10505#1;11005#1,3219,1946,1,0,500
50521,副手10-白,52,3,1,40,141#75;147#110;159#160,0,10801#1;10301#1;11201#1,454,2919,1,0,100
50522,副手10-绿,52,3,2,40,141#150;147#215;159#320,50521,10802#1;10302#1;11202#1,908,3941,1,0,200
50523,副手10-蓝,52,3,3,40,141#225;147#325;159#500,50522,10803#1;10303#1;11203#1,1589,4730,1,0,300
50524,副手10-紫,52,3,4,40,141#300;147#430;159#660,50523,10804#1;10304#1;11204#1,2384,360,1,0,400
50525,副手10-金,52,3,5,40,141#450;147#650;159#1000,50524,10805#1;10305#1;11205#1,3219,720,1,0,500
50531,饰品1-白,53,6,1,7,179#80;178#50,0,10101#1;10701#1,454,1260,1,0,100
50532,饰品1-绿,53,6,2,7,179#250;178#150,50531,10102#1;10702#1,908,1890,1,0,200
50533,饰品1-蓝,53,6,3,7,179#400;178#250,50532,10103#1;10703#1,1589,2552,1,0,300
50534,饰品1-紫,53,6,4,7,179#560;178#350,50533,10104#1;10704#1,2384,3063,1,0,400
50535,饰品1-金,53,6,5,7,179#800;178#500,50534,10105#1;10705#1,3219,1664,1,0,500
50541,饰品2-白,54,6,1,15,172#210;158#15,0,11101#1;11001#1,454,3328,1,0,100
50542,饰品2-绿,54,6,2,15,172#400;158#35,50541,11102#1;11002#1,908,5824,1,0,200
50543,饰品2-蓝,54,6,3,15,172#610;158#50,50542,11103#1;11003#1,1589,8736,1,0,300
50544,饰品2-紫,54,6,4,15,172#810;158#65,50543,11104#1;11004#1,2384,11794,1,0,400
50545,饰品2-金,54,6,5,15,172#1300;158#100,50544,11105#1;11005#1,3219,14153,1,0,500
50551,饰品3-白,55,6,1,21,179#125;125#15,0,10101#1;11301#1,454,556,1,0,100
50552,饰品3-绿,55,6,2,21,179#375;125#30,50551,10102#1;11302#1,908,1112,1,0,200
50553,饰品3-蓝,55,6,3,21,179#625;125#50,50552,10103#1;11303#1,1589,1946,1,0,300
50554,饰品3-紫,55,6,4,21,179#875;125#66,50553,10104#1;11304#1,2384,2919,1,0,400
50555,饰品3-金,55,6,5,21,179#1250;125#100,50554,10105#1;11305#1,3219,3941,1,0,500
50561,饰品4-白,56,6,1,27,178#95;172#360,0,10701#1;11101#1,454,4730,1,0,100
50562,饰品4-绿,56,6,2,27,178#285;172#700,50561,10702#1;11102#1,908,360,1,0,200
50563,饰品4-蓝,56,6,3,27,178#475;172#1055,50562,10703#1;11103#1,1589,720,1,0,300
50564,饰品4-紫,56,6,4,27,178#665;172#1395,50563,10704#1;11104#1,2384,1260,1,0,400
50565,饰品4-金,56,6,5,27,178#950;172#2250,50564,10705#1;11105#1,3219,1890,1,0,500
50571,饰品5-白,57,6,1,27,168#270;147#70;158#35,0,10401#1;10301#1;11001#1,454,2552,1,0,100
50572,饰品5-绿,57,6,2,27,168#810;147#130;158#65,50571,10402#1;10302#1;11002#1,908,3063,1,0,200
50573,饰品5-蓝,57,6,3,27,168#1350;147#200;158#100,50572,10403#1;10303#1;11003#1,1589,1664,1,0,300
50574,饰品5-紫,57,6,4,27,168#1890;147#265;158#130,50573,10404#1;10304#1;11004#1,2384,3328,1,0,400
50575,饰品5-金,57,6,5,27,168#2700;147#400;158#200,50574,10405#1;10305#1;11005#1,3219,5824,1,0,500
50581,饰品6-白,58,6,1,27,172#360;144#70;159#110,0,11101#1;10901#1;11201#1,454,8736,1,0,100
50582,饰品6-绿,58,6,2,27,172#700;144#130;159#215,50581,11102#1;10902#1;11202#1,908,11794,1,0,200
50583,饰品6-蓝,58,6,3,27,172#1055;144#200;159#325,50582,11103#1;10903#1;11203#1,1589,14153,1,0,300
50584,饰品6-紫,58,6,4,27,172#1395;144#265;159#430,50583,11104#1;10904#1;11204#1,2384,556,1,0,400
50585,饰品6-金,58,6,5,27,172#2250;144#400;159#650,50584,11105#1;10905#1;11205#1,3219,1112,1,0,500
50591,饰品7-白,59,6,1,27,179#150;141#70;125#25,0,10101#1;10801#1;11301#1,454,1946,1,0,100
50592,饰品7-绿,59,6,2,27,179#450;141#130;125#50,50591,10102#1;10802#1;11302#1,908,2919,1,0,200
50593,饰品7-蓝,59,6,3,27,179#750;141#200;125#75,50592,10103#1;10803#1;11303#1,1589,3941,1,0,300
50594,饰品7-紫,59,6,4,27,179#1050;141#265;125#100,50593,10104#1;10804#1;11304#1,2384,4730,1,0,400
50595,饰品7-金,59,6,5,27,179#1500;141#400;125#150,50594,10105#1;10805#1;11305#1,3219,360,1,0,500
50601,饰品8-白,60,6,1,33,168#345;125#25,0,10401#1;11301#1,454,720,1,0,100
50602,饰品8-绿,60,6,2,33,168#1035;125#50,50601,10402#1;11302#1,908,1260,1,0,200
50603,饰品8-蓝,60,6,3,33,168#1725;125#75,50602,10403#1;11303#1,1589,1890,1,0,300
50604,饰品8-紫,60,6,4,33,168#2425;125#100,50603,10404#1;11304#1,2384,2552,1,0,400
50605,饰品8-金,60,6,5,33,168#3450;125#150,50604,10405#1;11305#1,3219,3063,1,0,500
50611,饰品9-白,61,6,1,33,179#180;178#115;126#95,0,10101#1;10701#1;10501#1,454,1664,1,0,100
50612,饰品9-绿,61,6,2,33,179#540;178#345;126#180,50611,10102#1;10702#1;10502#1,908,3328,1,0,200
50613,饰品9-蓝,61,6,3,33,179#900;178#575;126#275,50612,10103#1;10703#1;10503#1,1589,5824,1,0,300
50614,饰品9-紫,61,6,4,33,179#1260;178#800;126#365,50613,10104#1;10704#1;10504#1,2384,8736,1,0,400
50615,饰品9-金,61,6,5,33,179#1800;178#1150;126#550,50614,10105#1;10705#1;10505#1,3219,11794,1,0,500
50621,饰品10-白,62,6,1,40,178#250;168#380;158#40,0,10701#1;10401#1;11001#1,454,14153,1,0,100
50622,饰品10-绿,62,6,2,40,178#800;168#1140;158#80,50621,10702#1;10402#1;11002#1,908,556,1,0,200
50623,饰品10-蓝,62,6,3,40,178#1300;168#1900;158#125,50622,10703#1;10403#1;11003#1,1589,1112,1,0,300
50624,饰品10-紫,62,6,4,40,178#1800;168#2660;158#165,50623,10704#1;10404#1;11004#1,2384,1946,1,0,400
50625,饰品10-金,62,6,5,40,178#2600;168#3800;158#250,50624,10705#1;10405#1;11005#1,3219,2919,1,0,500
50631,饰品11-白,63,6,1,40,141#100;147#100;158#40,0,10801#1;10301#1;11001#1,454,3941,1,0,100
50632,饰品11-绿,63,6,2,40,141#200;147#200;158#85,50631,10802#1;10302#1;11002#1,908,4730,1,0,200
50633,饰品11-蓝,63,6,3,40,141#300;147#300;158#125,50632,10803#1;10303#1;11003#1,1589,360,1,0,300
50634,饰品11-紫,63,6,4,40,141#400;147#400;158#165,50633,10804#1;10304#1;11004#1,2384,720,1,0,400
50635,饰品11-金,63,6,5,40,141#600;147#600;158#250,50634,10805#1;10305#1;11005#1,3219,1260,1,0,500
50641,饰品12-白,64,6,1,40,179#250;144#70;159#155,0,10101#1;10901#1;11201#1,454,1890,1,0,100
50642,饰品12-绿,64,6,2,40,179#750;144#130;159#300,50641,10102#1;10902#1;11202#1,908,2552,1,0,200
50643,饰品12-蓝,64,6,3,40,179#1250;144#200;159#450,50642,10103#1;10903#1;11203#1,1589,3063,1,0,300
50644,饰品12-紫,64,6,4,40,179#1750;144#265;159#595,50643,10104#1;10904#1;11204#1,2384,1664,1,0,400
50645,饰品12-金,64,6,5,40,179#2500;144#400;159#900,50644,10105#1;10905#1;11205#1,3219,3328,1,0,500
50651,套装1武器-白,65,1,1,1,144#25;141#25,0,10901#1;10801#1,454,556,2,0,100
50652,套装1武器-绿,65,1,2,1,144#50;141#50,50651,10902#1;10802#1,908,1112,2,0,200
50653,套装1武器-蓝,65,1,3,1,144#75;141#75,50652,10903#1;10803#1,1589,1946,2,0,300
50654,套装1武器-紫,65,1,4,1,144#100;141#100,50653,10904#1;10804#1,2384,2919,2,0,400
50655,套装1武器-金,65,1,5,1,144#150;141#150,50654,10905#1;10805#1,3219,3941,2,0,500
50661,套装1头部-白,66,5,1,5,141#15;126#30,0,10801#1;10501#1,454,360,2,0,100
50662,套装1头部-绿,66,5,2,5,141#30;126#60,50661,10802#1;10502#1,908,720,2,0,200
50663,套装1头部-蓝,66,5,3,5,141#50;126#100,50662,10803#1;10503#1,1589,1260,2,0,300
50664,套装1头部-紫,66,5,4,5,141#70;126#135,50663,10804#1;10504#1,2384,1890,2,0,400
50665,套装1头部-金,66,5,5,5,141#100;126#200,50664,10805#1;10505#1,3219,2552,2,0,500
50671,套装1衣服-白,67,2,1,7,179#15;158#15,0,10101#1;11001#1,454,1946,2,0,100
50672,套装1衣服-绿,67,2,2,7,179#45;158#35,50671,10102#1;11002#1,908,2919,2,0,200
50673,套装1衣服-蓝,67,2,3,7,179#75;158#50,50672,10103#1;11003#1,1589,3941,2,0,300
50674,套装1衣服-紫,67,2,4,7,179#105;158#65,50673,10104#1;11004#1,2384,4730,2,0,400
50675,套装1衣服-金,67,2,5,7,179#150;158#100,50674,10105#1;11005#1,3219,360,2,0,500
50681,套装1腿部-白,68,4,1,3,179#10;147#15,0,10101#1;10301#1,454,11794,2,0,100
50682,套装1腿部-绿,68,4,2,3,179#30;147#30,50681,10102#1;10302#1,908,14153,2,0,200
50683,套装1腿部-蓝,68,4,3,3,179#50;147#50,50682,10103#1;10303#1,1589,556,2,0,300
50684,套装1腿部-紫,68,4,4,3,179#70;147#65,50683,10104#1;10304#1,2384,1112,2,0,400
50685,套装1腿部-金,68,4,5,3,179#100;147#100,50684,10105#1;10305#1,3219,1946,2,0,500
50691,套装2头部-白,69,5,1,5,141#15;126#30,0,10801#1;10501#1,454,360,3,0,100
50692,套装2头部-绿,69,5,2,5,141#30;126#60,50691,10802#1;10502#1,908,720,3,0,200
50693,套装2头部-蓝,69,5,3,5,141#50;126#100,50692,10803#1;10503#1,1589,1260,3,0,300
50694,套装2头部-紫,69,5,4,5,141#70;126#135,50693,10804#1;10504#1,2384,1890,3,0,400
50695,套装2头部-金,69,5,5,5,141#100;126#200,50694,10805#1;10505#1,3219,2552,3,0,500
50701,套装2衣服-白,70,2,1,7,179#15;158#15,0,10101#1;11001#1,454,1946,3,0,100
50702,套装2衣服-绿,70,2,2,7,179#45;158#35,50701,10102#1;11002#1,908,2919,3,0,200
50703,套装2衣服-蓝,70,2,3,7,179#75;158#50,50702,10103#1;11003#1,1589,3941,3,0,300
50704,套装2衣服-紫,70,2,4,7,179#105;158#65,50703,10104#1;11004#1,2384,4730,3,0,400
50705,套装2衣服-金,70,2,5,7,179#150;158#100,50704,10105#1;11005#1,3219,360,3,0,500
50711,套装2腿部-白,71,4,1,3,179#10;147#15,0,10101#1;10301#1,454,11794,3,0,100
50712,套装2腿部-绿,71,4,2,3,179#30;147#30,50711,10102#1;10302#1,908,14153,3,0,200
50713,套装2腿部-蓝,71,4,3,3,179#50;147#50,50712,10103#1;10303#1,1589,556,3,0,300
50714,套装2腿部-紫,71,4,4,3,179#70;147#65,50713,10104#1;10304#1,2384,1112,3,0,400
50715,套装2腿部-金,71,4,5,3,179#100;147#100,50714,10105#1;10305#1,3219,1946,3,0,500
